[
  {
    "id": "b43e515e-8165-4868-93b1-3fe21af4a137",
    "slug": "tarf-ekibi-olarak-burdur-valisini-ziyaret-ettik",
    "title": "Tarf Ekibi olarak Burdur Valisini Ziyaret Ettik",
    "excerpt": "TARF çalışmalarımız hakkında bilgi verdik.",
    "content": "<p><span style=\"color: rgb(12, 16, 20); background-color: rgb(255, 255, 255);\">Burdur İl Milli Eğitim Müdürlüğümüz tarafından, öğrencilere yönelik gerçekleştirilen “TARF Teknoloji Konuşmaları” öncesinde Sayın Vali Tülay Baydar Bilgihan Hanımefendiyi makamında ziyaret ederek, TARF çalışmalarımız hakkında bilgi verdik.&nbsp;</span></p>",
    "type": "event",
    "status": "published",
    "locale": "tr",
    "featuredImage": "https://bg11hu2ekptos4uq.public.blob.vercel-storage.com/burdur-valiii-4YAIidHMg5HCxb7BKs7RpolIu24kch.jpeg",
    "seoTitle": "Tarf Ekibi olarak Burdur Valisini Ziyaret Ettik | TARF Akademi",
    "seoDescription": "Burdur İl Milli Egitim Mudurlugumuz tarafindan, ogrencilere yonelik gerceklestirilen “TARF Teknoloji Konusmalari” oncesinde Sayin Vali Tulay Baydar Bilgiha",
    "ogImage": "https://bg11hu2ekptos4uq.public.blob.vercel-storage.com/burdur-vali-kzq5qreFNurvskrwqjPmwiFdttM2Pu.jpeg",
    "youtubeUrl": null,
    "audioUrl": null,
    "eventDate": "2025-11-22T00:00:00.000Z",
    "eventTime": "13.30",
    "location": "Burdur",
    "meta": {
      "gallery": [
        "https://bg11hu2ekptos4uq.public.blob.vercel-storage.com/burdur-vali-kzq5qreFNurvskrwqjPmwiFdttM2Pu.jpeg"
      ]
    },
    "publishedAt": "2025-12-29T08:37:28.534Z",
    "createdAt": "2025-12-29T08:37:28.535Z",
    "updatedAt": "2025-12-29T08:44:04.511Z",
    "categoryId": "61064518-a426-4c5f-8aa1-95f4dbe96001"
  },
  {
    "id": "cec17ad8-8987-4cbc-afc4-f6b042ff6b51",
    "slug": "t",
    "title": "Tarf Ekibi Olarak Isparta Valisini Ziyaret Ettik",
    "excerpt": "Tarf çalışmalarımız hakkında bilgi verdik",
    "content": "<p><span style=\"background-color: rgb(255, 255, 255); color: rgb(12, 16, 20);\">Tarf Ekibi olarak Isparta’da Sayın Vali Abdullah Erin Bey’i ziyaret ederek çalışmalarımızı aktardık, bizlere sinerji veren, motive eden konuşmalarından istifade ettik</span></p>",
    "type": "event",
    "status": "published",
    "locale": "tr",
    "featuredImage": "https://bg11hu2ekptos4uq.public.blob.vercel-storage.com/-sparta-vali-How5wDHbILc8ZvWSV4nzlI2jhfRLqD.jpeg",
    "seoTitle": "Tarf Ekibi Olarak Isparta Valisini Ziyaret ettik | TARF Akademi",
    "seoDescription": "Tarf Ekibi olarak Isparta’da Sayin Vali Abdullah Erin Bey’i ziyaret ederek calismalarimizi aktardik, bizlere sinerji veren, motive eden konusmalarindan ist",
    "ogImage": null,
    "youtubeUrl": null,
    "audioUrl": null,
    "eventDate": "2025-11-22T00:00:00.000Z",
    "eventTime": "16.00",
    "location": "Isparta",
    "meta": null,
    "publishedAt": "2025-12-29T08:51:42.256Z",
    "createdAt": "2025-12-29T08:51:42.257Z",
    "updatedAt": "2025-12-29T14:19:30.980Z",
    "categoryId": null
  },
  {
    "id": "3e073ce0-cb28-4548-96df-49a2308890a8",
    "slug": "program-katalogu",
    "title": "Program Kataloğu",
    "excerpt": ".",
    "content": "<p>.</p>",
    "type": "service",
    "status": "published",
    "locale": "tr",
    "featuredImage": "https://bg11hu2ekptos4uq.public.blob.vercel-storage.com/WhatsApp-Image-2025-12-29-at-11.42.14-Rh5J5iivBvrweAIyvktEEmopo0PDz0.jpeg",
    "seoTitle": "Fullstack Bootcamp",
    "seoDescription": "8 haftalık yoğun eğitim programı.",
    "ogImage": null,
    "youtubeUrl": null,
    "audioUrl": null,
    "eventDate": null,
    "eventTime": null,
    "location": null,
    "meta": {
      "gallery": [
        "https://bg11hu2ekptos4uq.public.blob.vercel-storage.com/WhatsApp-Image-2025-12-29-at-11.42.14-vl7DNhSmbmOBC8nUib3vnjJ5oYNkvp.jpeg",
        "https://bg11hu2ekptos4uq.public.blob.vercel-storage.com/WhatsApp-Image-2025-12-29-at-11.42.14-Rh5J5iivBvrweAIyvktEEmopo0PDz0.jpeg"
      ]
    },
    "publishedAt": "2025-12-24T15:54:47.618Z",
    "createdAt": "2025-11-25T11:41:32.816Z",
    "updatedAt": "2025-12-29T18:47:27.802Z",
    "categoryId": "180ef22d-e87e-4f37-9f4e-ddac292f7867"
  },
  {
    "id": "a99f1743-14ca-4aed-9c6f-2cdc64b7e721",
    "slug": "tarf-ekibi-olarak-tunceli-valisini-ziyaret-ettik",
    "title": "Tarf Ekibi Olarak Tunceli Valisini Ziyaret Ettik",
    "excerpt": "TARF Teknoloji Konferansları kapsamında ekip olarak Tunceli’deydik.",
    "content": "<p><br></p><p><span style=\"background-color: rgb(255, 255, 255); color: rgb(12, 16, 20);\">Sayın Vali Şefik Aygöl’ü ziyaret ederek yürüttüğümüz çalışmalar ve gelecek dönem hedeflerimiz hakkında bilgi paylaşımında bulunduk.</span></p>",
    "type": "event",
    "status": "published",
    "locale": "tr",
    "featuredImage": "https://bg11hu2ekptos4uq.public.blob.vercel-storage.com/tunceli-vali6-hT8AasBaDLL9du8s1pfqTA522kWxF6.jpeg",
    "seoTitle": "Tarf Ekibi Olarak Tunceli Valisini Ziyaret Ettik | TARF Akademi",
    "seoDescription": "Sayin Vali Şefik Aygol’u ziyaret ederek yuruttugumuz calismalar ve gelecek donem hedeflerimiz hakkinda bilgi paylasiminda bulunduk. Etkinlik.",
    "ogImage": null,
    "youtubeUrl": null,
    "audioUrl": null,
    "eventDate": "2025-12-09T00:00:00.000Z",
    "eventTime": "11.00",
    "location": "Tunceli",
    "meta": {
      "gallery": [
        "https://bg11hu2ekptos4uq.public.blob.vercel-storage.com/tunceli-vali-JmOKJLaEDScBHpMOXt1oP1m4ncnJSX.jpeg"
      ]
    },
    "publishedAt": "2025-12-29T09:37:38.201Z",
    "createdAt": "2025-12-29T09:37:38.201Z",
    "updatedAt": "2025-12-29T10:03:17.692Z",
    "categoryId": null
  },
  {
    "id": "13948bc3-1b3c-48bf-9dd0-8e7f6ff13153",
    "slug": "yapay-zeka-ve-gelecek",
    "title": "Yapay Zeka ve Gelecek",
    "excerpt": "Yapay zekanın eğitim ve üretim süreçlerine etkisi.",
    "content": "Detaylı blog içeriği burada yer alacak.",
    "type": "blog",
    "status": "published",
    "locale": "tr",
    "featuredImage": null,
    "seoTitle": "Yapay Zeka ve Gelecek",
    "seoDescription": "Yapay zekanın eğitim ve üretim süreçlerine etkisi.",
    "ogImage": null,
    "youtubeUrl": null,
    "audioUrl": null,
    "eventDate": null,
    "eventTime": null,
    "location": null,
    "meta": null,
    "publishedAt": "2025-12-30T01:23:44.556Z",
    "createdAt": "2025-11-25T11:41:32.296Z",
    "updatedAt": "2025-12-30T01:23:44.557Z",
    "categoryId": "f0251ef7-b9bd-4879-ab9f-3994da9a2e06"
  },
  {
    "id": "1948279b-abb8-44b8-85ca-21b13238faf3",
    "slug": "nextjs-performans-ipuclari",
    "title": "Next.js Performans İpuçları",
    "excerpt": "Öğrenme serisi video kaydı.",
    "content": "Video açıklaması.",
    "type": "video",
    "status": "published",
    "locale": "tr",
    "featuredImage": null,
    "seoTitle": "Next.js Performans İpuçları",
    "seoDescription": "Öğrenme serisi video kaydı.",
    "ogImage": null,
    "youtubeUrl": "https://www.youtube.com/watch?v=dQw4w9WgXcQ",
    "audioUrl": null,
    "eventDate": null,
    "eventTime": null,
    "location": null,
    "meta": {
      "gallery": [
        "https://bg11hu2ekptos4uq.public.blob.vercel-storage.com/Green%20Modern%20Islamic%20Center%20Logo%20%281%29-4rPXF1RLcnS3eC5lglzJ0aqgNGDaJl.png"
      ]
    },
    "publishedAt": "2025-12-30T01:23:44.801Z",
    "createdAt": "2025-11-25T11:41:32.546Z",
    "updatedAt": "2025-12-30T01:23:44.802Z",
    "categoryId": "20d3eb8d-5c8d-484d-bbc7-594681586f19"
  },
  {
    "id": "da5d4976-83c0-4fac-978c-ef46fcdaf0bc",
    "slug": "dene",
    "title": "deneme-yazisi",
    "excerpt": "denemeyazisi",
    "content": "<p>deneme yazisi burada</p>",
    "type": "blog",
    "status": "published",
    "locale": "tr",
    "featuredImage": "https://bg11hu2ekptos4uq.public.blob.vercel-storage.com/Green%20Modern%20Islamic%20Center%20Logo%20%281%29-4rPXF1RLcnS3eC5lglzJ0aqgNGDaJl.png",
    "seoTitle": null,
    "seoDescription": null,
    "ogImage": null,
    "youtubeUrl": null,
    "audioUrl": null,
    "eventDate": null,
    "eventTime": null,
    "location": null,
    "meta": null,
    "publishedAt": "2025-11-25T22:17:12.033Z",
    "createdAt": "2025-11-25T22:17:12.034Z",
    "updatedAt": "2025-11-25T22:17:12.034Z",
    "categoryId": "f0251ef7-b9bd-4879-ab9f-3994da9a2e06"
  },
  {
    "id": "527feef3-4f83-4c61-8bca-daedbb673fa7",
    "slug": "teknoloji-ve-deger",
    "title": "Teknoloji ve Değer Üretimi",
    "excerpt": "Podcast bölümü: teknoloji, eğitim, toplumsal etki.",
    "content": "Podcast notları.",
    "type": "podcast",
    "status": "published",
    "locale": "tr",
    "featuredImage": null,
    "seoTitle": "Teknoloji ve Değer Üretimi",
    "seoDescription": "Podcast bölümü: teknoloji, eğitim, toplumsal etki.",
    "ogImage": null,
    "youtubeUrl": null,
    "audioUrl": "https://example.com/audio.mp3",
    "eventDate": null,
    "eventTime": null,
    "location": null,
    "meta": null,
    "publishedAt": "2025-12-30T01:23:44.921Z",
    "createdAt": "2025-11-25T11:41:32.673Z",
    "updatedAt": "2025-12-30T01:23:44.922Z",
    "categoryId": "1c2789a5-7e26-4314-85c2-2a5159c590d1"
  },
  {
    "id": "a57942bd-92a6-4e6f-8cdd-cc13441b73e0",
    "slug": "olmanin-hafifligi",
    "title": "Görünür Olmanın Dayanılmaz Hafifliği",
    "excerpt": "Görünür Olmanın Dayanılmaz Hafifliği",
    "content": "<p><strong>Görünür Olmanın Dayanılmaz Hafifliği</strong></p>",
    "type": "video",
    "status": "published",
    "locale": "tr",
    "featuredImage": null,
    "seoTitle": "Görünür Olmanın Dayanılmaz Hafifliği",
    "seoDescription": "Görünür Olmanın Dayanılmaz Hafifliği",
    "ogImage": null,
    "youtubeUrl": "https://www.youtube.com/watch?v=VQJAf_IQmgg",
    "audioUrl": null,
    "eventDate": null,
    "eventTime": null,
    "location": null,
    "meta": null,
    "publishedAt": "2025-11-25T20:50:41.112Z",
    "createdAt": "2025-11-25T20:50:41.113Z",
    "updatedAt": "2025-11-25T20:50:41.113Z",
    "categoryId": "20d3eb8d-5c8d-484d-bbc7-594681586f19"
  },
  {
    "id": "737b41d4-1461-4c2d-99aa-fa0d6ab048a1",
    "slug": "arapca",
    "title": "arapça",
    "excerpt": "arapcm",
    "content": "<p>arapca</p>",
    "type": "video",
    "status": "published",
    "locale": "ar",
    "featuredImage": null,
    "seoTitle": "arapca",
    "seoDescription": "arapca",
    "ogImage": "arapca",
    "youtubeUrl": "https://www.youtube.com/watch?v=Dn0_mblycJw",
    "audioUrl": null,
    "eventDate": null,
    "eventTime": null,
    "location": null,
    "meta": null,
    "publishedAt": "2025-11-26T17:57:54.319Z",
    "createdAt": "2025-11-26T17:57:54.320Z",
    "updatedAt": "2025-11-27T11:18:52.880Z",
    "categoryId": "20d3eb8d-5c8d-484d-bbc7-594681586f19"
  },
  {
    "id": "eac59a60-479b-4f08-bab4-61f59d8da75b",
    "slug": "ahlat-maziden-atiye-projesi-ogrenci-semineri",
    "title": "Ahlat Maziden Atiye Projesi ",
    "excerpt": "Maziden Atiye Projesi kapsamında Ahlat’ta gençlerle bir araya geldik. ",
    "content": "<p><span style=\"background-color: rgb(255, 255, 255); color: rgb(12, 16, 20);\">Programda, bilim insanlarımızın çalışmaları ve insanlığa sundukları katkılar ile Türkiye’nin uzay ve uydu alanında attığı adımlar ve yürütülen projeler ele alındı. TÜRKSAT Kalite Yöneticisi Adnan Çelik, isimler ve uygulama örnekleri üzerinden önemli paylaşımlarda bulundu</span></p>",
    "type": "event",
    "status": "published",
    "locale": "tr",
    "featuredImage": "https://bg11hu2ekptos4uq.public.blob.vercel-storage.com/bitlis4-oOQBRZ9itbrHgb2gL61qiSzcoMWA8M.png",
    "seoTitle": "Ahlat Maziden Atiye Projesi Ögrenci Semineri | TARF Akademi",
    "seoDescription": "Programda, bilim insanlarimizin calismalari ve insanliga sunduklari katkilar ile Turkiye’nin uzay ve uydu alaninda attigi adimlar ve yurutulen projeler ele",
    "ogImage": "https://bg11hu2ekptos4uq.public.blob.vercel-storage.com/bitlis1-mESJA3acVzlgeNxA1ru6AMOmxXu2aT.png",
    "youtubeUrl": null,
    "audioUrl": null,
    "eventDate": "2025-12-22T00:00:00.000Z",
    "eventTime": "14.00",
    "location": "Bitlis",
    "meta": {
      "gallery": [
        "https://bg11hu2ekptos4uq.public.blob.vercel-storage.com/bitlis-Vnuw1BIMmHWkEnACtfeFkco1lMxwj9.png",
        "https://bg11hu2ekptos4uq.public.blob.vercel-storage.com/bitlis1-mESJA3acVzlgeNxA1ru6AMOmxXu2aT.png"
      ]
    },
    "publishedAt": "2025-12-26T07:08:20.696Z",
    "createdAt": "2025-12-26T07:08:21.339Z",
    "updatedAt": "2025-12-29T08:25:39.863Z",
    "categoryId": null
  },
  {
    "id": "360b5b12-0d74-4372-bfd9-4c6267f1235c",
    "slug": "tunceli-tarf-teknoloji-konferansi",
    "title": "Tunceli TARF Teknoloji Konferansı",
    "excerpt": "Gençlerle bir araya geldiğimiz programda, Tarf Dergisi Genel Yayın Yönetmeni Adnan Çelik, Türkiye’nin uydu ve uzay alanındaki millî çalışmalarını anlattı.",
    "content": "<p><span style=\"color: rgb(12, 16, 20); background-color: rgb(255, 255, 255);\">Şehit Öğretmen Necmettin Yılmaz Öğretmenevi Konferans Salonunda gerçekleştirdiğimiz “Türkiye’de Uydu ve Uzay Çalışmaları” başlıklı programda gençlerle buluştuk.</span></p><p><span style=\"color: rgb(12, 16, 20); background-color: rgb(255, 255, 255);\">TÜRKSAT Kalite Yöneticisi Adnan Çelik, Türkiye’nin uydu ve uzay alanındaki yerli ve millî atılımlarını, yürütülen projeleri ve geleceğe dair vizyonu gençlerle paylaştı. </span></p><p><br></p><p><span style=\"color: rgb(12, 16, 20); background-color: rgb(255, 255, 255);\">Yoğun ilgi ve katılımları için tüm gençlere teşekkür ediyor, teknolojiye irfanî bir perspektif kazandırma yolculuğumuzu sürdürmeye devam ediyoruz</span></p>",
    "type": "event",
    "status": "published",
    "locale": "tr",
    "featuredImage": "https://bg11hu2ekptos4uq.public.blob.vercel-storage.com/tunceli9-HmfJcovVhWMDZdzOVC6fo2WAwtISEU.png",
    "seoTitle": "Tunceli TARF Teknoloji Konferansi | TARF Akademi",
    "seoDescription": "Şehit Ögretmen Necmettin Yilmaz Ögretmenevi Konferans Salonunda gerceklestirdigimiz “Turkiye’de Uydu ve Uzay Çalismalari” baslikli programda genclerle bulu",
    "ogImage": null,
    "youtubeUrl": null,
    "audioUrl": null,
    "eventDate": "2025-12-08T00:00:00.000Z",
    "eventTime": "14.00",
    "location": "Tunceli",
    "meta": {
      "gallery": [
        "https://bg11hu2ekptos4uq.public.blob.vercel-storage.com/tunceli-6-iteyRH3F7INnX75fsDn1vYmndrfNQC.png",
        "https://bg11hu2ekptos4uq.public.blob.vercel-storage.com/tunceli8-3n6J74PvoD0MWiWtxas0L6flEE3Dss.png",
        "https://bg11hu2ekptos4uq.public.blob.vercel-storage.com/tunceli4-NDewp4h8ufuQ7il2RJ3qyd1KoPbRho.png"
      ]
    },
    "publishedAt": "2025-12-26T07:26:12.999Z",
    "createdAt": "2025-12-26T07:26:13.001Z",
    "updatedAt": "2025-12-29T10:04:57.930Z",
    "categoryId": "61064518-a426-4c5f-8aa1-95f4dbe96001"
  },
  {
    "id": "3a673bb1-f989-4c46-b164-879a652b6ede",
    "slug": "bitlis-tarf-teknoloji-konferansi",
    "title": "Bitlis TARF Teknoloji Konferansı",
    "excerpt": "Bitlis Eren Üniversitesi’nde düzenlenen programda öğrencilerle bir araya geldik.",
    "content": "<p><br></p><p><span style=\"color: rgb(12, 16, 20); background-color: rgb(255, 255, 255);\">Konferansta, Türkiye’nin uydu ve uzay alanında yürüttüğü çalışmalar, devam eden projeler ve bu alandaki kurumsal yapı ele alındı. Tarf Genel Yayın Yönetmeni  Adnan Çelik, saha tecrübeleri ve teknik süreçlere dair bir sunum gerçekleştirdi.&nbsp;</span></p>",
    "type": "event",
    "status": "published",
    "locale": "tr",
    "featuredImage": "https://bg11hu2ekptos4uq.public.blob.vercel-storage.com/bitliseren3-VtqRy6JMGa6F0LNFRxpTmLxquv4Sh3.png",
    "seoTitle": "Bitlis TARF Teknoloji Konferansi | TARF Akademi",
    "seoDescription": "Konferansta, Turkiye’nin uydu ve uzay alaninda yuruttugu calismalar, devam eden projeler ve bu alandaki kurumsal yapi ele alindi. TÜRKSAT Kalite Yoneticisi",
    "ogImage": "https://bg11hu2ekptos4uq.public.blob.vercel-storage.com/bitlis-eren-Q9wHUcjYZRPfoRyeBJT5AESYcHWY8c.png",
    "youtubeUrl": null,
    "audioUrl": null,
    "eventDate": "2025-12-21T00:00:00.000Z",
    "eventTime": "14.00",
    "location": "Bitlis",
    "meta": {
      "gallery": [
        "https://bg11hu2ekptos4uq.public.blob.vercel-storage.com/bitliseren6-40hIUOxbvOtUYCceNcEz1i4GDU93B4.png",
        "https://bg11hu2ekptos4uq.public.blob.vercel-storage.com/bitliseren7-lq2ot7Hkmw1fIrrdxLU5T8g3yzlPVX.png"
      ]
    },
    "publishedAt": "2025-12-26T07:17:01.708Z",
    "createdAt": "2025-12-26T07:17:02.423Z",
    "updatedAt": "2025-12-29T09:09:19.081Z",
    "categoryId": "61064518-a426-4c5f-8aa1-95f4dbe96001"
  },
  {
    "id": "733678e3-ce2e-4979-a96a-0859a693316a",
    "slug": "kartal-anadolu-ihl-tarf-teknoloji-konferanslari",
    "title": "Kartal Anadolu İHL TARF Teknoloji Konferansları",
    "excerpt": "Kartal Anadolu İmam Hatip Lisesi’nde gerçekleştirdiğimiz programda öğrencilerle bir araya geldik. ",
    "content": "<p>Konferansta, Türkiye’nin uydu sistemleri, uzay projelerinde izlenen yol haritası ve bu alandaki insan kaynağı ihtiyacı üzerine değerlendirmeler yapıldı. Tarf Dergisi Genel Yayın Yönetmeni Adnan Çelik, teknik süreçleri ve uygulamaları örneklerle aktardı.</p>",
    "type": "event",
    "status": "published",
    "locale": "tr",
    "featuredImage": "https://bg11hu2ekptos4uq.public.blob.vercel-storage.com/kartal11-0R9AUlxLKMncYRYDRwbsicKodKjuk4.jpeg",
    "seoTitle": "Kartal İHL TARF Teknoloji Konferanslari | TARF Akademi",
    "seoDescription": "Kartal İHL TARF Teknoloji Konferanslari. Etkinlik.",
    "ogImage": null,
    "youtubeUrl": null,
    "audioUrl": null,
    "eventDate": "2025-12-16T00:00:00.000Z",
    "eventTime": "14.00",
    "location": "İstanbul",
    "meta": {
      "gallery": [
        "https://bg11hu2ekptos4uq.public.blob.vercel-storage.com/kartal-iTa6trrc5tsj72CoiRgmiWYlf6I9FY.jpeg",
        "https://bg11hu2ekptos4uq.public.blob.vercel-storage.com/WhatsApp-Image-2025-12-24-at-11.19.11-iaHhJVjXg1IAewBTzhASfZqVkf7A4T.jpeg",
        "https://bg11hu2ekptos4uq.public.blob.vercel-storage.com/kartal8-MVfwCvIehK0aHMwEUpgJ95DJiOIYVl.jpeg",
        "https://bg11hu2ekptos4uq.public.blob.vercel-storage.com/kartal7-QJnej3PZXlHJoRuKUoEsgd9v8n0lwS.jpeg"
      ]
    },
    "publishedAt": "2025-12-26T06:52:08.522Z",
    "createdAt": "2025-12-26T06:52:08.523Z",
    "updatedAt": "2025-12-29T09:13:30.088Z",
    "categoryId": "61064518-a426-4c5f-8aa1-95f4dbe96001"
  },
  {
    "id": "47f8df3c-333b-4d68-a8a8-c9aa4ce979f5",
    "slug": "burdur-tarf-teknoloji-konferansi",
    "title": "Burdur TARF Teknoloji Konferansı",
    "excerpt": "Burdur’da gençlerle buluştuğumuz bu program, teknolojiye İrfani bir pencereden bakmanın ne kadar kıymetli ve öncelikli olduğunu da gösterdi.",
    "content": "<p><br></p><p><span style=\"color: rgb(12, 16, 20); background-color: rgb(255, 255, 255);\">Kültür Merkezindeki sunumda “Türkiye Yüzyılında Uydu Uzay Çalışmalarımız” başlığı ile yerli ve milli uydu, uzay, bilişim, savunma alanlarındaki gelişmeleri gençlere aktardık; ardından TARF Dergisi’nin misyonunu ve çalışmalarımızın kapsamını paylaştık.</span></p><p><br></p><p><span style=\"color: rgb(12, 16, 20); background-color: rgb(255, 255, 255);\">Salondaki merak, heyecan ve yüksek enerji bize ilham oldu.</span></p><p><span style=\"color: rgb(12, 16, 20); background-color: rgb(255, 255, 255);\">Seri konferanslarımızla gençlerle buluşmaya devam edeceğiz.</span></p>",
    "type": "event",
    "status": "published",
    "locale": "tr",
    "featuredImage": "https://bg11hu2ekptos4uq.public.blob.vercel-storage.com/burdur-U3g85bsuwmJMmZSjQk2ZbjWGGTlF9U.png",
    "seoTitle": "Burdur TARF Teknoloji Konusmasi | TARF Akademi",
    "seoDescription": "Burdur’da genclerle bulustugumuz bu program, teknolojiye İrfani bir pencereden bakmanin ne kadar kiymetli ve oncelikli oldugunu da gosterdi. Kultur Merkezi",
    "ogImage": null,
    "youtubeUrl": null,
    "audioUrl": null,
    "eventDate": "2025-11-24T00:00:00.000Z",
    "eventTime": "15.30",
    "location": "Burdur",
    "meta": {
      "gallery": [
        "https://bg11hu2ekptos4uq.public.blob.vercel-storage.com/burdur3-HPKHfpmCeIMsbE5c806SUiHk7C255W.png",
        "https://bg11hu2ekptos4uq.public.blob.vercel-storage.com/burdur-vali-kzq5qreFNurvskrwqjPmwiFdttM2Pu.jpeg",
        "https://bg11hu2ekptos4uq.public.blob.vercel-storage.com/burdru7-cWp4bw7pNjjA5t5uspZClzS8pLF4aY.png",
        "https://bg11hu2ekptos4uq.public.blob.vercel-storage.com/burdru7-cWp4bw7pNjjA5t5uspZClzS8pLF4aY.png"
      ]
    },
    "publishedAt": "2025-12-26T07:36:22.800Z",
    "createdAt": "2025-12-26T07:36:23.515Z",
    "updatedAt": "2025-12-29T10:06:04.607Z",
    "categoryId": null
  },
  {
    "id": "21633c68-7f52-427e-8466-f603411d7b96",
    "slug": "fullstack-bootcamp",
    "title": "Fullstack Bootcamp",
    "excerpt": "8 haftalık yoğun eğitim programı.",
    "content": "Program müfredatı ve başvuru koşulları.",
    "type": "service",
    "status": "published",
    "locale": "tr",
    "featuredImage": null,
    "seoTitle": "Fullstack Bootcamp",
    "seoDescription": "8 haftalık yoğun eğitim programı.",
    "ogImage": null,
    "youtubeUrl": null,
    "audioUrl": null,
    "eventDate": null,
    "eventTime": null,
    "location": null,
    "meta": null,
    "publishedAt": "2025-12-30T01:23:45.041Z",
    "createdAt": "2025-12-30T01:23:45.042Z",
    "updatedAt": "2025-12-30T01:23:45.042Z",
    "categoryId": "180ef22d-e87e-4f37-9f4e-ddac292f7867"
  },
  {
    "id": "ddd91010-ffb7-4bc1-85e2-ab9aecae9b47",
    "slug": "tarf-dergisi-genel-yayin-yonetmeni-cankiri-rektorunu-ziyaret-etti",
    "title": "Tarf Dergisi Genel Yayın Yönetmeni Çankırı Rektörünü Ziyaret Etti",
    "excerpt": "TARF Teknoloji Üniversite Kulübü çalışmalarımız kapsamında, Çankırı Karatekin Üniversitesi Rektörümüz Prof. Dr. Mevlüt Karataş’ı ziyaret ettik",
    "content": "<p><span style=\"color: rgb(12, 16, 20); background-color: rgb(255, 255, 255);\"> Gençleri teknolojiyle buluştururken aynı zamanda onların ufkunu, idrakini ve düşünce dünyasını zenginleştirmeyi hedefleyen yolculuğumuzda; TARF Teknoloji Kulübü Protokolünü imzalayarak önemli bir adım attık.</span></p><p><br></p><p><span style=\"color: rgb(12, 16, 20); background-color: rgb(255, 255, 255);\">Üniversite bünyesinde gençlerin gelişimine katkı sağlayacak etkinliklerin planlamasını gerçekleştirdik.</span></p>",
    "type": "event",
    "status": "published",
    "locale": "tr",
    "featuredImage": "https://bg11hu2ekptos4uq.public.blob.vercel-storage.com/-ank-r--rekt-r--CVMwgsq1zzCJUPzUPrO8T7hmN5WsRd.jpeg",
    "seoTitle": "Tarf Genel Yayin Yonetmeni Çankiri Rektorunu Ziyaret Etti | TARF Akademi",
    "seoDescription": "Gencleri teknolojiyle bulustururken ayni zamanda onlarin ufkunu, idrakini ve dusunce dunyasini zenginlestirmeyi hedefleyen yolculugumuzda; TARF Teknoloji K",
    "ogImage": null,
    "youtubeUrl": null,
    "audioUrl": null,
    "eventDate": "2025-12-11T00:00:00.000Z",
    "eventTime": "13.30",
    "location": "Çankırı",
    "meta": {
      "gallery": [
        "https://bg11hu2ekptos4uq.public.blob.vercel-storage.com/-ank-r--rekt-r-xexfuU69HGOFmVemL6IClikSliEOQj.jpeg"
      ]
    },
    "publishedAt": "2025-12-29T09:55:53.885Z",
    "createdAt": "2025-12-29T09:55:53.886Z",
    "updatedAt": "2025-12-29T10:02:02.594Z",
    "categoryId": null
  },
  {
    "id": "91bb9e71-7a6c-4a59-9993-b89abd9fe8c4",
    "slug": "tarf-ekibi-olarak-mimce-genel-baskanini-ziyaret-ettik",
    "title": "Tarf Ekibi Olarak MİMCE Genel Başkanını Ziyaret Ettik",
    "excerpt": "TARF Genel Yayın Yönetmenimiz Adnan Çelik ve yayın kurulu üyelerimiz, MİMCE Genel Başkanı İbrahim Çalışkan’ını ziyaret ettik.",
    "content": "<p><span style=\"background-color: rgb(255, 255, 255); color: rgb(12, 16, 20);\">Ziyarette TARF Dergisi’nin yürüttüğü çalışmalar, yayın vizyonu ve gelecek dönem hedefleri paylaşılırken; iş birliği alanları ve ortak proje imkanları üzerine verimli bir istişare gerçekleştirildi.</span></p><p><br></p><p><span style=\"background-color: rgb(255, 255, 255); color: rgb(12, 16, 20);\">Yakın ilgileri ve kıymetli işbirliği önerileri için Sayın İbrahim Çalışkan’a ve MİMCE camiasına teşekkür ederiz.</span></p><p><span style=\"background-color: rgb(255, 255, 255); color: rgb(12, 16, 20);\"> </span></p><p><span style=\"background-color: rgb(255, 255, 255); color: rgb(12, 16, 20);\">Günün anlamına binaen, kendilerine “Havacılık Tarihinin Unutulmazları” adlı kitabı TARF ailesi adına takdimde bulunulmuştur.</span></p>",
    "type": "event",
    "status": "published",
    "locale": "tr",
    "featuredImage": "https://bg11hu2ekptos4uq.public.blob.vercel-storage.com/mimce-bn6BBgSTMa1GQsYoC1dLefUil8TTr0.jpeg",
    "seoTitle": "Tarf Ekibi olarak MİMCE Genel Baskanini ziyaret ettik. | TARF Akademi",
    "seoDescription": "Ziyarette TARF Dergisi’nin yuruttugu calismalar, yayin vizyonu ve gelecek donem hedefleri paylasilirken; is birligi alanlari ve ortak proje imkanlari uzeri",
    "ogImage": null,
    "youtubeUrl": null,
    "audioUrl": null,
    "eventDate": "2025-12-04T00:00:00.000Z",
    "eventTime": "11.30",
    "location": "Ankara",
    "meta": null,
    "publishedAt": "2025-12-29T10:11:09.433Z",
    "createdAt": "2025-12-29T10:11:09.434Z",
    "updatedAt": "2025-12-29T10:11:57.437Z",
    "categoryId": null
  },
  {
    "id": "7b15ab51-99ca-4d9d-b545-033978ea4c4b",
    "slug": "diyarbakir-tarf-teknoloji-konferansi",
    "title": "Diyarbakır Tarf Teknoloji Konferansı",
    "excerpt": "TARF Akademi kapsamında Diyarbakır’da düzenlenen programda, Tarım ve Orman Bakanlığı Müşaviri Recep Tezgel öğrencilerle buluştu.",
    "content": "<p><span style=\"color: rgb(12, 16, 20); background-color: rgb(255, 255, 255);\">Programda, teknoloji ve doğa arasındaki ilişki sorumluluk ekseninde ele alındı.“Mucizeden Sorumluluğa: Doğa ve Teknoloji” başlığıyla teknolojik gelişmelerin çevreyle ilişkisi ve sürdürülebilirlik perspektifi değerlendirildi.</span></p>",
    "type": "event",
    "status": "published",
    "locale": "tr",
    "featuredImage": "https://bg11hu2ekptos4uq.public.blob.vercel-storage.com/diyarbak-rrr-bQIn9Jb9KObeQfCPTUqnw4z9TGa6go.jpeg",
    "seoTitle": "Diyarbakir Tarf Teknoloji Konferansi | TARF Akademi",
    "seoDescription": "Programda, teknoloji ve doga arasindaki iliski sorumluluk ekseninde ele alindi.“Mucizeden Sorumluluga: Doga ve Teknoloji” basligiyla teknolojik gelismeleri",
    "ogImage": null,
    "youtubeUrl": null,
    "audioUrl": null,
    "eventDate": "2025-12-24T00:00:00.000Z",
    "eventTime": "15.30",
    "location": "Diyarbakır",
    "meta": {
      "gallery": [
        "https://bg11hu2ekptos4uq.public.blob.vercel-storage.com/diyarbak-r2-QHg3esMDz5ThCNdVNPxTFevRfPdDF7.jpeg",
        "https://bg11hu2ekptos4uq.public.blob.vercel-storage.com/D-YARBAKIR7-RNQJra12NyjqncUJUtEa8K3bwD9k5o.jpeg",
        "https://bg11hu2ekptos4uq.public.blob.vercel-storage.com/D-YARBAKIR7-RNQJra12NyjqncUJUtEa8K3bwD9k5o.jpeg"
      ]
    },
    "publishedAt": "2025-12-29T11:38:46.380Z",
    "createdAt": "2025-12-29T11:38:46.381Z",
    "updatedAt": "2025-12-30T07:04:56.534Z",
    "categoryId": "61064518-a426-4c5f-8aa1-95f4dbe96001"
  }
]