[
  {
    "id": "0b497930-090d-4125-a0fe-736c7c5a3de6",
    "url": "https://bg11hu2ekptos4uq.public.blob.vercel-storage.com/kartal-iTa6trrc5tsj72CoiRgmiWYlf6I9FY.jpeg",
    "type": "image/jpeg",
    "altText": null,
    "uploadedBy": "admin@tarf.com",
    "locale": "tr",
    "kind": "image",
    "createdAt": "2025-12-26T06:41:55.063Z",
    "updatedAt": "2025-12-26T06:41:55.063Z"
  },
  {
    "id": "9eb694ad-f606-4d72-bf30-5df8775fd057",
    "url": "https://bg11hu2ekptos4uq.public.blob.vercel-storage.com/kartal11-0R9AUlxLKMncYRYDRwbsicKodKjuk4.jpeg",
    "type": "image/jpeg",
    "altText": null,
    "uploadedBy": "admin@tarf.com",
    "locale": "tr",
    "kind": "image",
    "createdAt": "2025-12-26T06:42:01.830Z",
    "updatedAt": "2025-12-26T06:42:01.830Z"
  },
  {
    "id": "bedf56c8-208c-4770-8b6c-60e0d07529e6",
    "url": "https://bg11hu2ekptos4uq.public.blob.vercel-storage.com/WhatsApp-Image-2025-12-24-at-11.19.11-iaHhJVjXg1IAewBTzhASfZqVkf7A4T.jpeg",
    "type": "image/jpeg",
    "altText": null,
    "uploadedBy": "admin@tarf.com",
    "locale": "tr",
    "kind": "image",
    "createdAt": "2025-12-26T06:42:14.233Z",
    "updatedAt": "2025-12-26T06:42:14.233Z"
  },
  {
    "id": "eb66c438-bd22-45db-afea-9b11e632bec6",
    "url": "https://bg11hu2ekptos4uq.public.blob.vercel-storage.com/bitlis2-HTz8u2z8dxm2EDkwe6fTW8gMcmMmW3.png",
    "type": "image/png",
    "altText": null,
    "uploadedBy": "admin@tarf.com",
    "locale": "tr",
    "kind": "image",
    "createdAt": "2025-12-26T07:07:06.223Z",
    "updatedAt": "2025-12-26T07:07:06.223Z"
  },
  {
    "id": "1cc2ff88-21dc-4f31-8d8b-53eccac6f0ae",
    "url": "https://bg11hu2ekptos4uq.public.blob.vercel-storage.com/bitlis3-ywug2iIgjgrvxmIOGJ5xdylRNTRYS8.png",
    "type": "image/png",
    "altText": null,
    "uploadedBy": "admin@tarf.com",
    "locale": "tr",
    "kind": "image",
    "createdAt": "2025-12-26T07:07:20.012Z",
    "updatedAt": "2025-12-26T07:07:20.012Z"
  },
  {
    "id": "e8ebf0a8-c9d0-4915-8700-522d14a4199c",
    "url": "https://bg11hu2ekptos4uq.public.blob.vercel-storage.com/bitlis4-EaaWNRhYLc6GccfS6MuR3kRhtK7Tkz.png",
    "type": "image/png",
    "altText": null,
    "uploadedBy": "admin@tarf.com",
    "locale": "tr",
    "kind": "image",
    "createdAt": "2025-12-26T07:07:25.660Z",
    "updatedAt": "2025-12-26T07:07:25.660Z"
  },
  {
    "id": "c843b118-b2d3-48ab-b668-ecbb4c58fb2b",
    "url": "https://bg11hu2ekptos4uq.public.blob.vercel-storage.com/bitlis-Vnuw1BIMmHWkEnACtfeFkco1lMxwj9.png",
    "type": "image/png",
    "altText": null,
    "uploadedBy": "admin@tarf.com",
    "locale": "tr",
    "kind": "image",
    "createdAt": "2025-12-26T07:07:33.784Z",
    "updatedAt": "2025-12-26T07:07:33.784Z"
  },
  {
    "id": "86589a11-c744-4f9e-83d8-bdd84a0f3f50",
    "url": "https://bg11hu2ekptos4uq.public.blob.vercel-storage.com/bitlis1-mESJA3acVzlgeNxA1ru6AMOmxXu2aT.png",
    "type": "image/png",
    "altText": null,
    "uploadedBy": "admin@tarf.com",
    "locale": "tr",
    "kind": "image",
    "createdAt": "2025-12-26T07:07:43.579Z",
    "updatedAt": "2025-12-26T07:07:43.579Z"
  },
  {
    "id": "0340fe1c-8a67-4040-ae2a-c40bff005ae7",
    "url": "https://bg11hu2ekptos4uq.public.blob.vercel-storage.com/bitlis2-yZi3FaEp1gDa170rSHSAFQ0rqBYble.png",
    "type": "image/png",
    "altText": null,
    "uploadedBy": "admin@tarf.com",
    "locale": "tr",
    "kind": "image",
    "createdAt": "2025-12-26T07:07:48.821Z",
    "updatedAt": "2025-12-26T07:07:48.821Z"
  },
  {
    "id": "1214814f-4800-454a-8b9a-0bb9e9ee73e4",
    "url": "https://bg11hu2ekptos4uq.public.blob.vercel-storage.com/bitlis4-oOQBRZ9itbrHgb2gL61qiSzcoMWA8M.png",
    "type": "image/png",
    "altText": null,
    "uploadedBy": "admin@tarf.com",
    "locale": "tr",
    "kind": "image",
    "createdAt": "2025-12-26T07:07:55.118Z",
    "updatedAt": "2025-12-26T07:07:55.118Z"
  },
  {
    "id": "d2344f22-e506-4e0d-8d23-366d2c5ee052",
    "url": "https://bg11hu2ekptos4uq.public.blob.vercel-storage.com/bitlis-eren-ZIEQN4xQMaXSY8UOCI67iCjYIhxjkj.png",
    "type": "image/png",
    "altText": null,
    "uploadedBy": "admin@tarf.com",
    "locale": "tr",
    "kind": "image",
    "createdAt": "2025-12-26T07:16:03.015Z",
    "updatedAt": "2025-12-26T07:16:03.015Z"
  },
  {
    "id": "c57bd5a2-9086-4064-8d62-d70f2136d5f0",
    "url": "https://bg11hu2ekptos4uq.public.blob.vercel-storage.com/bitliseren3-iDuqMpQtG8KertqG8b07dzfRZIohY0.png",
    "type": "image/png",
    "altText": null,
    "uploadedBy": "admin@tarf.com",
    "locale": "tr",
    "kind": "image",
    "createdAt": "2025-12-26T07:16:14.716Z",
    "updatedAt": "2025-12-26T07:16:14.716Z"
  },
  {
    "id": "2ed53a5c-2567-45c7-afdb-40e3fce6f980",
    "url": "https://bg11hu2ekptos4uq.public.blob.vercel-storage.com/bitliseren5-o6kYBQ0mUDNwqkLFxhnk6V6CqhJ48S.png",
    "type": "image/png",
    "altText": null,
    "uploadedBy": "admin@tarf.com",
    "locale": "tr",
    "kind": "image",
    "createdAt": "2025-12-26T07:16:20.918Z",
    "updatedAt": "2025-12-26T07:16:20.918Z"
  },
  {
    "id": "75adbf8b-1f11-4206-a690-0dad1b764bdb",
    "url": "https://bg11hu2ekptos4uq.public.blob.vercel-storage.com/bitliseren6-QS0vYlbtDE0Jz3O9ZladhQ7tPA8rjl.png",
    "type": "image/png",
    "altText": null,
    "uploadedBy": "admin@tarf.com",
    "locale": "tr",
    "kind": "image",
    "createdAt": "2025-12-26T07:16:27.475Z",
    "updatedAt": "2025-12-26T07:16:27.475Z"
  },
  {
    "id": "ef975be8-c8c7-435f-bd96-f0f957c2cb01",
    "url": "https://bg11hu2ekptos4uq.public.blob.vercel-storage.com/bitliseren7-rIK8IllWF7Edwg5Q2BB4jXTIrdf51i.png",
    "type": "image/png",
    "altText": null,
    "uploadedBy": "admin@tarf.com",
    "locale": "tr",
    "kind": "image",
    "createdAt": "2025-12-26T07:16:35.071Z",
    "updatedAt": "2025-12-26T07:16:35.071Z"
  },
  {
    "id": "49883064-d95d-4de1-a634-9e2d2473e3be",
    "url": "https://bg11hu2ekptos4uq.public.blob.vercel-storage.com/bitliseren6-40hIUOxbvOtUYCceNcEz1i4GDU93B4.png",
    "type": "image/png",
    "altText": null,
    "uploadedBy": "admin@tarf.com",
    "locale": "tr",
    "kind": "image",
    "createdAt": "2025-12-26T07:16:39.860Z",
    "updatedAt": "2025-12-26T07:16:39.860Z"
  },
  {
    "id": "9963ced7-51b9-453d-b1fc-2a3a91b9e1f0",
    "url": "https://bg11hu2ekptos4uq.public.blob.vercel-storage.com/bitliseren7-lq2ot7Hkmw1fIrrdxLU5T8g3yzlPVX.png",
    "type": "image/png",
    "altText": null,
    "uploadedBy": "admin@tarf.com",
    "locale": "tr",
    "kind": "image",
    "createdAt": "2025-12-26T07:16:45.750Z",
    "updatedAt": "2025-12-26T07:16:45.750Z"
  },
  {
    "id": "72f46709-91a5-45f8-a248-6eee556e1317",
    "url": "https://bg11hu2ekptos4uq.public.blob.vercel-storage.com/bitliseren3-VtqRy6JMGa6F0LNFRxpTmLxquv4Sh3.png",
    "type": "image/png",
    "altText": null,
    "uploadedBy": "admin@tarf.com",
    "locale": "tr",
    "kind": "image",
    "createdAt": "2025-12-26T07:16:52.365Z",
    "updatedAt": "2025-12-26T07:16:52.365Z"
  },
  {
    "id": "5a002cf9-3586-4e6d-b54e-057000e07f6a",
    "url": "https://bg11hu2ekptos4uq.public.blob.vercel-storage.com/bitlis-eren-Q9wHUcjYZRPfoRyeBJT5AESYcHWY8c.png",
    "type": "image/png",
    "altText": null,
    "uploadedBy": "admin@tarf.com",
    "locale": "tr",
    "kind": "image",
    "createdAt": "2025-12-26T07:17:00.470Z",
    "updatedAt": "2025-12-26T07:17:00.470Z"
  },
  {
    "id": "a0fef77b-0f51-4736-b44a-14783ce55916",
    "url": "https://bg11hu2ekptos4uq.public.blob.vercel-storage.com/tunceli-5-neMRIKQfuGzoKrDl9ijqUe4u6k602s.png",
    "type": "image/png",
    "altText": null,
    "uploadedBy": "admin@tarf.com",
    "locale": "tr",
    "kind": "image",
    "createdAt": "2025-12-26T07:23:43.842Z",
    "updatedAt": "2025-12-26T07:23:43.842Z"
  },
  {
    "id": "a5cc4813-17e5-485c-88fb-1ecab5818ae0",
    "url": "https://bg11hu2ekptos4uq.public.blob.vercel-storage.com/tunceli-6-sDKZJq0TKOne9A7ln9oSaEfhXWQcoW.png",
    "type": "image/png",
    "altText": null,
    "uploadedBy": "admin@tarf.com",
    "locale": "tr",
    "kind": "image",
    "createdAt": "2025-12-26T07:23:52.203Z",
    "updatedAt": "2025-12-26T07:23:52.203Z"
  },
  {
    "id": "f185ab45-5bc8-415e-8f81-29a2b77ad219",
    "url": "https://bg11hu2ekptos4uq.public.blob.vercel-storage.com/tunceli-9OodxMkVDuXH30lBpAw9GTHGgoimbt.png",
    "type": "image/png",
    "altText": null,
    "uploadedBy": "admin@tarf.com",
    "locale": "tr",
    "kind": "image",
    "createdAt": "2025-12-26T07:24:31.364Z",
    "updatedAt": "2025-12-26T07:24:31.364Z"
  },
  {
    "id": "b61dc0a6-41cf-4a2e-bb8e-4f909bca5cd5",
    "url": "https://bg11hu2ekptos4uq.public.blob.vercel-storage.com/tunceli1-JX8fGYofdwkXI40cuHQGqXXN5ED9eo.png",
    "type": "image/png",
    "altText": null,
    "uploadedBy": "admin@tarf.com",
    "locale": "tr",
    "kind": "image",
    "createdAt": "2025-12-26T07:24:38.476Z",
    "updatedAt": "2025-12-26T07:24:38.476Z"
  },
  {
    "id": "a8474f54-f0fb-4014-9791-5f7d43b7d0fd",
    "url": "https://bg11hu2ekptos4uq.public.blob.vercel-storage.com/tunceli4-cKOTap12TeoOlrJpV9SmSXBemOLG3l.png",
    "type": "image/png",
    "altText": null,
    "uploadedBy": "admin@tarf.com",
    "locale": "tr",
    "kind": "image",
    "createdAt": "2025-12-26T07:24:43.987Z",
    "updatedAt": "2025-12-26T07:24:43.987Z"
  },
  {
    "id": "a951be01-82ba-4605-8d0c-4f832cc0aabb",
    "url": "https://bg11hu2ekptos4uq.public.blob.vercel-storage.com/tunceli9-nteaRuZp2rEzkOYmbU9WUq9i4aQ7le.png",
    "type": "image/png",
    "altText": null,
    "uploadedBy": "admin@tarf.com",
    "locale": "tr",
    "kind": "image",
    "createdAt": "2025-12-26T07:24:50.580Z",
    "updatedAt": "2025-12-26T07:24:50.580Z"
  },
  {
    "id": "0bb3dc0a-eb59-46da-a2fb-efc4468aa9c7",
    "url": "https://bg11hu2ekptos4uq.public.blob.vercel-storage.com/tunceli9-HmfJcovVhWMDZdzOVC6fo2WAwtISEU.png",
    "type": "image/png",
    "altText": null,
    "uploadedBy": "admin@tarf.com",
    "locale": "tr",
    "kind": "image",
    "createdAt": "2025-12-26T07:25:01.845Z",
    "updatedAt": "2025-12-26T07:25:01.845Z"
  },
  {
    "id": "7ea6c8bc-fc47-4f6c-8662-524fc94905ff",
    "url": "https://bg11hu2ekptos4uq.public.blob.vercel-storage.com/tunceli8-3n6J74PvoD0MWiWtxas0L6flEE3Dss.png",
    "type": "image/png",
    "altText": null,
    "uploadedBy": "admin@tarf.com",
    "locale": "tr",
    "kind": "image",
    "createdAt": "2025-12-26T07:25:08.090Z",
    "updatedAt": "2025-12-26T07:25:08.090Z"
  },
  {
    "id": "4d4e6891-9a6f-4afd-9e34-20f443b239a2",
    "url": "https://bg11hu2ekptos4uq.public.blob.vercel-storage.com/tunceli4-NDewp4h8ufuQ7il2RJ3qyd1KoPbRho.png",
    "type": "image/png",
    "altText": null,
    "uploadedBy": "admin@tarf.com",
    "locale": "tr",
    "kind": "image",
    "createdAt": "2025-12-26T07:25:15.095Z",
    "updatedAt": "2025-12-26T07:25:15.095Z"
  },
  {
    "id": "e5cdeef5-3371-4e2c-a771-b6cb869987e3",
    "url": "https://bg11hu2ekptos4uq.public.blob.vercel-storage.com/tunceli1-uapfkrsCnxJdERSgt8ccivlepkntGD.png",
    "type": "image/png",
    "altText": null,
    "uploadedBy": "admin@tarf.com",
    "locale": "tr",
    "kind": "image",
    "createdAt": "2025-12-26T07:25:20.469Z",
    "updatedAt": "2025-12-26T07:25:20.469Z"
  },
  {
    "id": "1183503d-526c-4d3c-a57b-90672b809ee2",
    "url": "https://bg11hu2ekptos4uq.public.blob.vercel-storage.com/tunceli-iLORobmJSXqD6Yk9Js99DtoyVVDU0E.png",
    "type": "image/png",
    "altText": null,
    "uploadedBy": "admin@tarf.com",
    "locale": "tr",
    "kind": "image",
    "createdAt": "2025-12-26T07:25:26.048Z",
    "updatedAt": "2025-12-26T07:25:26.048Z"
  },
  {
    "id": "4b4579a5-3946-4807-b302-bc0eee2fe137",
    "url": "https://bg11hu2ekptos4uq.public.blob.vercel-storage.com/tunceli-7-8hThfO7V2lczwQihXErAuGXhJg1cE2.png",
    "type": "image/png",
    "altText": null,
    "uploadedBy": "admin@tarf.com",
    "locale": "tr",
    "kind": "image",
    "createdAt": "2025-12-26T07:25:32.041Z",
    "updatedAt": "2025-12-26T07:25:32.041Z"
  },
  {
    "id": "c46190c9-02fb-4630-9f53-3e111653ccab",
    "url": "https://bg11hu2ekptos4uq.public.blob.vercel-storage.com/tunceli-6-iteyRH3F7INnX75fsDn1vYmndrfNQC.png",
    "type": "image/png",
    "altText": null,
    "uploadedBy": "admin@tarf.com",
    "locale": "tr",
    "kind": "image",
    "createdAt": "2025-12-26T07:25:38.862Z",
    "updatedAt": "2025-12-26T07:25:38.862Z"
  },
  {
    "id": "e46a5d62-ec0d-4d33-a915-b1923c5fea2f",
    "url": "https://bg11hu2ekptos4uq.public.blob.vercel-storage.com/tunceli-5-vbFqYajUyCwZclvdsXq2t3Ki22BElc.png",
    "type": "image/png",
    "altText": null,
    "uploadedBy": "admin@tarf.com",
    "locale": "tr",
    "kind": "image",
    "createdAt": "2025-12-26T07:25:45.859Z",
    "updatedAt": "2025-12-26T07:25:45.859Z"
  },
  {
    "id": "74dd4d5f-07f7-4bb2-b907-078f9c2a7675",
    "url": "https://bg11hu2ekptos4uq.public.blob.vercel-storage.com/burdru7-30CZbXHEG9mdO2jU1hGh1F4j155Zhg.png",
    "type": "image/png",
    "altText": null,
    "uploadedBy": "admin@tarf.com",
    "locale": "tr",
    "kind": "image",
    "createdAt": "2025-12-26T07:36:49.247Z",
    "updatedAt": "2025-12-26T07:36:49.247Z"
  },
  {
    "id": "5ede27db-b531-4b30-ad14-532ef8df0bc8",
    "url": "https://bg11hu2ekptos4uq.public.blob.vercel-storage.com/burdur-oYjI6KIKl7bBa5PIwBDOGu8Y4WXY5X.png",
    "type": "image/png",
    "altText": null,
    "uploadedBy": "admin@tarf.com",
    "locale": "tr",
    "kind": "image",
    "createdAt": "2025-12-26T07:37:09.709Z",
    "updatedAt": "2025-12-26T07:37:09.709Z"
  },
  {
    "id": "2b34013a-b56a-4460-b34f-5374236a3af3",
    "url": "https://bg11hu2ekptos4uq.public.blob.vercel-storage.com/burdur1-cS2ghCtY4JUFRAuHVlt12mUmIr2yYT.png",
    "type": "image/png",
    "altText": null,
    "uploadedBy": "admin@tarf.com",
    "locale": "tr",
    "kind": "image",
    "createdAt": "2025-12-26T07:37:24.144Z",
    "updatedAt": "2025-12-26T07:37:24.144Z"
  },
  {
    "id": "d02c35f6-cb36-4b29-a6e9-0c28428e50fb",
    "url": "https://bg11hu2ekptos4uq.public.blob.vercel-storage.com/burdur3-o2hUzVRdatFTGKyNngY4DL8qJPxv5K.png",
    "type": "image/png",
    "altText": null,
    "uploadedBy": "admin@tarf.com",
    "locale": "tr",
    "kind": "image",
    "createdAt": "2025-12-26T07:37:34.440Z",
    "updatedAt": "2025-12-26T07:37:34.440Z"
  },
  {
    "id": "7d8a1b5a-795c-4e35-af9e-62d084bb0e20",
    "url": "https://bg11hu2ekptos4uq.public.blob.vercel-storage.com/burdur4-SgAeeYE1JrtL4zWkqIWN9PleTAMAIc.png",
    "type": "image/png",
    "altText": null,
    "uploadedBy": "admin@tarf.com",
    "locale": "tr",
    "kind": "image",
    "createdAt": "2025-12-26T07:37:51.354Z",
    "updatedAt": "2025-12-26T07:37:51.354Z"
  },
  {
    "id": "19979d62-9248-455d-962d-4f69390d8880",
    "url": "https://bg11hu2ekptos4uq.public.blob.vercel-storage.com/burdur4-Yehwo0U4zStX2iy60KiCPUGZD2sZhz.png",
    "type": "image/png",
    "altText": null,
    "uploadedBy": "admin@tarf.com",
    "locale": "tr",
    "kind": "image",
    "createdAt": "2025-12-26T07:37:55.937Z",
    "updatedAt": "2025-12-26T07:37:55.937Z"
  },
  {
    "id": "1c5789a8-41a3-43ae-9448-6bca2161bde6",
    "url": "https://bg11hu2ekptos4uq.public.blob.vercel-storage.com/burdur1-3MaUu8tdP3WmF1PoH2YBiUzdy2dFjL.png",
    "type": "image/png",
    "altText": null,
    "uploadedBy": "admin@tarf.com",
    "locale": "tr",
    "kind": "image",
    "createdAt": "2025-12-26T07:38:15.993Z",
    "updatedAt": "2025-12-26T07:38:15.993Z"
  },
  {
    "id": "82de5470-c912-4412-a5fd-d66d0f2a4dab",
    "url": "https://bg11hu2ekptos4uq.public.blob.vercel-storage.com/burdur-U3g85bsuwmJMmZSjQk2ZbjWGGTlF9U.png",
    "type": "image/png",
    "altText": null,
    "uploadedBy": "admin@tarf.com",
    "locale": "tr",
    "kind": "image",
    "createdAt": "2025-12-26T07:38:25.409Z",
    "updatedAt": "2025-12-26T07:38:25.409Z"
  },
  {
    "id": "c0d3ff46-d723-4076-a408-6a4ac65bc511",
    "url": "https://bg11hu2ekptos4uq.public.blob.vercel-storage.com/burdur-vali-rgVVFmxPjZ6FL2kg6MlZSd6SD6bNpB.jpeg",
    "type": "image/jpeg",
    "altText": null,
    "uploadedBy": "admin@tarf.com",
    "locale": "tr",
    "kind": "image",
    "createdAt": "2025-12-29T08:36:46.865Z",
    "updatedAt": "2025-12-29T08:36:46.865Z"
  },
  {
    "id": "8184c9b9-d8c9-4bb2-adb1-24c23f0f81de",
    "url": "https://bg11hu2ekptos4uq.public.blob.vercel-storage.com/burdur-vali-kzq5qreFNurvskrwqjPmwiFdttM2Pu.jpeg",
    "type": "image/jpeg",
    "altText": null,
    "uploadedBy": "admin@tarf.com",
    "locale": "tr",
    "kind": "image",
    "createdAt": "2025-12-29T08:36:50.431Z",
    "updatedAt": "2025-12-29T08:36:50.431Z"
  },
  {
    "id": "6bb3494e-a0d4-4679-9eae-1a72b639971c",
    "url": "https://bg11hu2ekptos4uq.public.blob.vercel-storage.com/burdur-valiii-lyQyYuc3IQSNeWbpHevLB3TcTu6jtY.jpeg",
    "type": "image/jpeg",
    "altText": null,
    "uploadedBy": "admin@tarf.com",
    "locale": "tr",
    "kind": "image",
    "createdAt": "2025-12-29T08:36:55.512Z",
    "updatedAt": "2025-12-29T08:36:55.512Z"
  },
  {
    "id": "228a274b-1316-4a78-9b6b-a02142453d58",
    "url": "https://bg11hu2ekptos4uq.public.blob.vercel-storage.com/burdur-valiii-4YAIidHMg5HCxb7BKs7RpolIu24kch.jpeg",
    "type": "image/jpeg",
    "altText": null,
    "uploadedBy": "admin@tarf.com",
    "locale": "tr",
    "kind": "image",
    "createdAt": "2025-12-29T08:37:00.215Z",
    "updatedAt": "2025-12-29T08:37:00.215Z"
  },
  {
    "id": "4e89cce8-da96-4560-aa44-11318a9c4a54",
    "url": "https://bg11hu2ekptos4uq.public.blob.vercel-storage.com/WhatsApp-Image-2025-12-29-at-11.42.14-vl7DNhSmbmOBC8nUib3vnjJ5oYNkvp.jpeg",
    "type": "image/jpeg",
    "altText": null,
    "uploadedBy": "admin@tarf.com",
    "locale": "tr",
    "kind": "image",
    "createdAt": "2025-12-29T08:49:39.256Z",
    "updatedAt": "2025-12-29T08:49:39.256Z"
  },
  {
    "id": "37610662-ac60-4057-ba1c-4192434ca691",
    "url": "https://bg11hu2ekptos4uq.public.blob.vercel-storage.com/WhatsApp-Image-2025-12-29-at-11.42.14-Rh5J5iivBvrweAIyvktEEmopo0PDz0.jpeg",
    "type": "image/jpeg",
    "altText": null,
    "uploadedBy": "admin@tarf.com",
    "locale": "tr",
    "kind": "image",
    "createdAt": "2025-12-29T08:49:43.782Z",
    "updatedAt": "2025-12-29T08:49:43.782Z"
  },
  {
    "id": "f8bcb8a7-4662-4e61-b530-eeac1c9b158e",
    "url": "https://bg11hu2ekptos4uq.public.blob.vercel-storage.com/-sparta-vali-How5wDHbILc8ZvWSV4nzlI2jhfRLqD.jpeg",
    "type": "image/jpeg",
    "altText": null,
    "uploadedBy": "admin@tarf.com",
    "locale": "tr",
    "kind": "image",
    "createdAt": "2025-12-29T08:52:41.058Z",
    "updatedAt": "2025-12-29T08:52:41.058Z"
  },
  {
    "id": "914e2d9b-9be2-458e-a663-0b783af43b75",
    "url": "https://bg11hu2ekptos4uq.public.blob.vercel-storage.com/WhatsApp-Image-2025-12-29-at-11.42.14-R2HVI4SRkGdrJ1abGHCMkDqlMZTIeH.jpeg",
    "type": "image/jpeg",
    "altText": null,
    "uploadedBy": "admin@tarf.com",
    "locale": "tr",
    "kind": "image",
    "createdAt": "2025-12-29T08:53:30.839Z",
    "updatedAt": "2025-12-29T08:53:30.839Z"
  },
  {
    "id": "b29219bd-d832-4cb4-9517-2cfb61bd3e26",
    "url": "https://bg11hu2ekptos4uq.public.blob.vercel-storage.com/kartal8-MVfwCvIehK0aHMwEUpgJ95DJiOIYVl.jpeg",
    "type": "image/jpeg",
    "altText": null,
    "uploadedBy": "admin@tarf.com",
    "locale": "tr",
    "kind": "image",
    "createdAt": "2025-12-29T09:09:35.235Z",
    "updatedAt": "2025-12-29T09:09:35.235Z"
  },
  {
    "id": "6ec21d51-4be5-4877-b3ca-f17607994868",
    "url": "https://bg11hu2ekptos4uq.public.blob.vercel-storage.com/kartal11-A34covBJsYZ9lCkIFLAO8UTFkHAp4D.jpeg",
    "type": "image/jpeg",
    "altText": null,
    "uploadedBy": "admin@tarf.com",
    "locale": "tr",
    "kind": "image",
    "createdAt": "2025-12-29T09:09:42.850Z",
    "updatedAt": "2025-12-29T09:09:42.850Z"
  },
  {
    "id": "720fb8eb-ba4e-4ff2-aa2d-51881d69f8f9",
    "url": "https://bg11hu2ekptos4uq.public.blob.vercel-storage.com/kartal7-QJnej3PZXlHJoRuKUoEsgd9v8n0lwS.jpeg",
    "type": "image/jpeg",
    "altText": null,
    "uploadedBy": "admin@tarf.com",
    "locale": "tr",
    "kind": "image",
    "createdAt": "2025-12-29T09:09:47.248Z",
    "updatedAt": "2025-12-29T09:09:47.248Z"
  },
  {
    "id": "e6f9bec5-159d-4548-a02b-e90f5e57f96f",
    "url": "https://bg11hu2ekptos4uq.public.blob.vercel-storage.com/tunceli-vali-jeOyBQA4E3Nydb6XYu499DgDTTPYoK.jpeg",
    "type": "image/jpeg",
    "altText": null,
    "uploadedBy": "admin@tarf.com",
    "locale": "tr",
    "kind": "image",
    "createdAt": "2025-12-29T09:38:07.384Z",
    "updatedAt": "2025-12-29T09:38:07.384Z"
  },
  {
    "id": "74ad0eef-d3c6-4884-879d-b298e41d337b",
    "url": "https://bg11hu2ekptos4uq.public.blob.vercel-storage.com/tuncelivali2-25cI4oyswFhbIsBKwnFNRZS2zdAUXD.jpeg",
    "type": "image/jpeg",
    "altText": null,
    "uploadedBy": "admin@tarf.com",
    "locale": "tr",
    "kind": "image",
    "createdAt": "2025-12-29T09:38:19.424Z",
    "updatedAt": "2025-12-29T09:38:19.424Z"
  },
  {
    "id": "75fd0b1b-6787-4703-8463-bf9ed72cd166",
    "url": "https://bg11hu2ekptos4uq.public.blob.vercel-storage.com/tunceli-vali-JmOKJLaEDScBHpMOXt1oP1m4ncnJSX.jpeg",
    "type": "image/jpeg",
    "altText": null,
    "uploadedBy": "admin@tarf.com",
    "locale": "tr",
    "kind": "image",
    "createdAt": "2025-12-29T09:38:26.974Z",
    "updatedAt": "2025-12-29T09:38:26.974Z"
  },
  {
    "id": "36c4be7a-a31b-49cb-8962-f391aed5655a",
    "url": "https://bg11hu2ekptos4uq.public.blob.vercel-storage.com/tuncelivali2-ptcr54nIpusUpLc9u0b1bFci0gzjV5.jpeg",
    "type": "image/jpeg",
    "altText": null,
    "uploadedBy": "admin@tarf.com",
    "locale": "tr",
    "kind": "image",
    "createdAt": "2025-12-29T09:38:33.452Z",
    "updatedAt": "2025-12-29T09:38:33.452Z"
  },
  {
    "id": "75e8ba88-1a37-4d2c-a775-52eac70e0e80",
    "url": "https://bg11hu2ekptos4uq.public.blob.vercel-storage.com/tunceli-vali6-hT8AasBaDLL9du8s1pfqTA522kWxF6.jpeg",
    "type": "image/jpeg",
    "altText": null,
    "uploadedBy": "admin@tarf.com",
    "locale": "tr",
    "kind": "image",
    "createdAt": "2025-12-29T09:39:30.946Z",
    "updatedAt": "2025-12-29T09:39:30.946Z"
  },
  {
    "id": "94923ea5-e1a3-4d2e-974c-12a09ea22042",
    "url": "https://bg11hu2ekptos4uq.public.blob.vercel-storage.com/-ank-r--rekt-r-xexfuU69HGOFmVemL6IClikSliEOQj.jpeg",
    "type": "image/jpeg",
    "altText": null,
    "uploadedBy": "admin@tarf.com",
    "locale": "tr",
    "kind": "image",
    "createdAt": "2025-12-29T09:56:46.029Z",
    "updatedAt": "2025-12-29T09:56:46.029Z"
  },
  {
    "id": "cf9c4b9a-347b-417e-9125-5d6215a20b3f",
    "url": "https://bg11hu2ekptos4uq.public.blob.vercel-storage.com/-ank-r--rekt-r--CVMwgsq1zzCJUPzUPrO8T7hmN5WsRd.jpeg",
    "type": "image/jpeg",
    "altText": null,
    "uploadedBy": "admin@tarf.com",
    "locale": "tr",
    "kind": "image",
    "createdAt": "2025-12-29T09:56:54.304Z",
    "updatedAt": "2025-12-29T09:56:54.304Z"
  },
  {
    "id": "ca0d10f4-8734-402e-ac0d-a3e394bd9b91",
    "url": "https://bg11hu2ekptos4uq.public.blob.vercel-storage.com/mimce-bn6BBgSTMa1GQsYoC1dLefUil8TTr0.jpeg",
    "type": "image/jpeg",
    "altText": null,
    "uploadedBy": "admin@tarf.com",
    "locale": "tr",
    "kind": "image",
    "createdAt": "2025-12-29T10:11:46.883Z",
    "updatedAt": "2025-12-29T10:11:46.883Z"
  },
  {
    "id": "8e3c4483-dd5d-4c6b-9e61-2cc717f36d9d",
    "url": "https://bg11hu2ekptos4uq.public.blob.vercel-storage.com/diyarbak-r-jLsByfPnCOXbZshFWNgeib1f6LYYGJ.jpeg",
    "type": "image/jpeg",
    "altText": null,
    "uploadedBy": "admin@tarf.com",
    "locale": "tr",
    "kind": "image",
    "createdAt": "2025-12-29T11:46:06.240Z",
    "updatedAt": "2025-12-29T11:46:06.240Z"
  },
  {
    "id": "1df8139d-61ed-47be-86ed-9d4fd74029b7",
    "url": "https://bg11hu2ekptos4uq.public.blob.vercel-storage.com/diyarbak-r2-sX6VomSuzeL3dclDd4xOH0xkXu6IlB.jpeg",
    "type": "image/jpeg",
    "altText": null,
    "uploadedBy": "admin@tarf.com",
    "locale": "tr",
    "kind": "image",
    "createdAt": "2025-12-29T11:46:14.205Z",
    "updatedAt": "2025-12-29T11:46:14.205Z"
  },
  {
    "id": "58a928d0-0b44-4dbe-9911-e8e194c615ff",
    "url": "https://bg11hu2ekptos4uq.public.blob.vercel-storage.com/diyatrbak-r4-BSg1a8ZOJLhGES6wDMXVSfzIZTcckS.jpeg",
    "type": "image/jpeg",
    "altText": null,
    "uploadedBy": "admin@tarf.com",
    "locale": "tr",
    "kind": "image",
    "createdAt": "2025-12-29T11:46:20.663Z",
    "updatedAt": "2025-12-29T11:46:20.663Z"
  },
  {
    "id": "e7901cb2-c061-486a-b142-5f190a441758",
    "url": "https://bg11hu2ekptos4uq.public.blob.vercel-storage.com/diyarbak-r2-QHg3esMDz5ThCNdVNPxTFevRfPdDF7.jpeg",
    "type": "image/jpeg",
    "altText": null,
    "uploadedBy": "admin@tarf.com",
    "locale": "tr",
    "kind": "image",
    "createdAt": "2025-12-29T11:46:36.690Z",
    "updatedAt": "2025-12-29T11:46:36.690Z"
  },
  {
    "id": "e599db1b-4806-459e-a33c-dd7b7c5ba5d3",
    "url": "https://bg11hu2ekptos4uq.public.blob.vercel-storage.com/diyatrbak-r4-8KxWDZZOdborg3PHfoYuztHMGxS1Qh.jpeg",
    "type": "image/jpeg",
    "altText": null,
    "uploadedBy": "admin@tarf.com",
    "locale": "tr",
    "kind": "image",
    "createdAt": "2025-12-29T11:46:46.285Z",
    "updatedAt": "2025-12-29T11:46:46.285Z"
  },
  {
    "id": "9d41bcf6-a21c-4359-9a01-808704573bf5",
    "url": "https://bg11hu2ekptos4uq.public.blob.vercel-storage.com/D-YARBAKIR7-RNQJra12NyjqncUJUtEa8K3bwD9k5o.jpeg",
    "type": "image/jpeg",
    "altText": null,
    "uploadedBy": "admin@tarf.com",
    "locale": "tr",
    "kind": "image",
    "createdAt": "2025-12-29T11:50:41.258Z",
    "updatedAt": "2025-12-29T11:50:41.258Z"
  },
  {
    "id": "d858bb95-901a-4cf3-9c68-32249d7b510a",
    "url": "https://bg11hu2ekptos4uq.public.blob.vercel-storage.com/diyatrbak-r4-M2BYwoYwJLpu776CQansHYZGd9TrLp.jpeg",
    "type": "image/jpeg",
    "altText": null,
    "uploadedBy": "admin@tarf.com",
    "locale": "tr",
    "kind": "image",
    "createdAt": "2025-12-30T06:36:56.466Z",
    "updatedAt": "2025-12-30T06:36:56.466Z"
  },
  {
    "id": "6c8a5cd4-bd9f-45cf-95b9-62d3a2f4debb",
    "url": "https://bg11hu2ekptos4uq.public.blob.vercel-storage.com/diyarbak-rrr-bQIn9Jb9KObeQfCPTUqnw4z9TGa6go.jpeg",
    "type": "image/jpeg",
    "altText": null,
    "uploadedBy": "admin@tarf.com",
    "locale": "tr",
    "kind": "image",
    "createdAt": "2025-12-30T06:37:05.927Z",
    "updatedAt": "2025-12-30T06:37:05.927Z"
  },
  {
    "id": "d2426cf9-d949-4c8d-9697-e6ddf98a792c",
    "url": "https://bg11hu2ekptos4uq.public.blob.vercel-storage.com/KYP-CaP2TwTBddW1arSX22dCYRR0s2MJ5V.png",
    "type": "image/png",
    "altText": null,
    "uploadedBy": "admin@tarf.com",
    "locale": "tr",
    "kind": "image",
    "createdAt": "2025-12-31T18:02:06.923Z",
    "updatedAt": "2025-12-31T18:02:06.923Z"
  }
]